{"losses_dict": {"train": [4.703947067260742, 2.7469003200531006, 2.5943872928619385, 2.521604299545288, 2.4331939220428467, 2.3319625854492188, 2.2402515411376953, 2.1352736949920654, 2.0499308109283447, 1.9753756523132324, 1.9289699792861938, 1.8894751071929932, 1.8567373752593994, 1.8272032737731934, 1.8104199171066284, 1.7867549657821655, 1.7732460498809814, 1.7517950534820557, 1.735316514968872, 1.728530764579773, 1.7114306688308716, 1.7029207944869995, 1.6906977891921997, 1.6858537197113037, 1.675543189048767, 1.6718255281448364, 1.6614184379577637, 1.6563524007797241, 1.6482696533203125, 1.6449685096740723, 1.6421056985855103, 1.6336442232131958, 1.6277563571929932, 1.6204924583435059, 1.6165920495986938, 1.613724946975708, 1.6136096715927124, 1.6095242500305176, 1.606691837310791, 1.600347876548767, 1.595302700996399, 1.5940138101577759, 1.5907243490219116, 1.5862677097320557, 1.585761308670044, 1.5824679136276245, 1.5792537927627563, 1.5816757678985596, 1.5776968002319336, 1.5730175971984863, 1.570622444152832], "val": [4.702469348907471, 2.7540345191955566, 2.593348979949951, 2.5227012634277344, 2.434474229812622, 2.338301181793213, 2.2489495277404785, 2.1535990238189697, 2.077517032623291, 2.0162994861602783, 1.9671273231506348, 1.931999921798706, 1.9009817838668823, 1.8753042221069336, 1.852529764175415, 1.8322045803070068, 1.823310136795044, 1.8052178621292114, 1.7851476669311523, 1.7853718996047974, 1.772676944732666, 1.7569507360458374, 1.7476664781570435, 1.7467913627624512, 1.7372514009475708, 1.7276822328567505, 1.7243242263793945, 1.717724323272705, 1.71112859249115, 1.7109185457229614, 1.7032678127288818, 1.7021734714508057, 1.690626859664917, 1.6799944639205933, 1.6804014444351196, 1.678707480430603, 1.6781840324401855, 1.6743241548538208, 1.6739457845687866, 1.6674350500106812, 1.6639068126678467, 1.6655404567718506, 1.6591094732284546, 1.6596527099609375, 1.6551992893218994, 1.6540188789367676, 1.6428053379058838, 1.6474992036819458, 1.6469916105270386, 1.6419105529785156, 1.6424485445022583]}, "perplexity": 5.169038789272308, "time": 738.8173317909241}