{"losses_dict": {"train": [4.693934440612793, 2.7387800216674805, 2.5835154056549072, 2.4924895763397217, 2.381883382797241, 2.275999069213867, 2.1821210384368896, 2.0896947383880615, 2.0270469188690186, 1.9747309684753418, 1.9285277128219604, 1.8955795764923096, 1.8574151992797852, 1.8332171440124512, 1.8143091201782227, 1.79215407371521, 1.7710837125778198, 1.7566806077957153, 1.7399896383285522, 1.7295092344284058, 1.7223827838897705, 1.70637845993042, 1.6981102228164673, 1.6858580112457275, 1.679219365119934, 1.671383261680603, 1.660393476486206, 1.6544572114944458, 1.6451866626739502, 1.6438069343566895, 1.6379541158676147, 1.629135012626648, 1.6232060194015503, 1.6162562370300293, 1.614778995513916, 1.6113711595535278, 1.608192801475525, 1.5965299606323242, 1.5974100828170776, 1.5945234298706055, 1.5844366550445557, 1.579452395439148, 1.5780434608459473, 1.5789164304733276, 1.5724585056304932, 1.5699191093444824, 1.5658786296844482, 1.5646437406539917, 1.564923882484436, 1.558369755744934, 1.5583175420761108], "val": [4.693603515625, 2.745609760284424, 2.5844552516937256, 2.4931912422180176, 2.3900656700134277, 2.2881052494049072, 2.19740629196167, 2.116025447845459, 2.0583817958831787, 2.009082317352295, 1.9673795700073242, 1.938176155090332, 1.904392957687378, 1.8832621574401855, 1.8675024509429932, 1.8444005250930786, 1.8275401592254639, 1.8180909156799316, 1.8004182577133179, 1.7880816459655762, 1.7809779644012451, 1.7658663988113403, 1.7550022602081299, 1.7440475225448608, 1.7396703958511353, 1.731908917427063, 1.7240610122680664, 1.718087911605835, 1.705193281173706, 1.7064461708068848, 1.7029632329940796, 1.6942085027694702, 1.6918102502822876, 1.6842498779296875, 1.6834079027175903, 1.6779347658157349, 1.677839994430542, 1.6673365831375122, 1.6656203269958496, 1.6595150232315063, 1.6521477699279785, 1.6510885953903198, 1.6516581773757935, 1.64250910282135, 1.6478031873703003, 1.6400295495986938, 1.6428260803222656, 1.635185718536377, 1.6358815431594849, 1.6371804475784302, 1.6318426132202148]}, "perplexity": 5.114559540748596, "time": 746.8293120861053}