{"losses_dict": {"train": [4.692312717437744, 2.820680618286133, 2.6944739818573, 2.6278936862945557, 2.588702917098999, 2.5532424449920654, 2.5184011459350586, 2.4689948558807373, 2.416522741317749, 2.360593557357788, 2.3113794326782227, 2.2645113468170166, 2.222522258758545, 2.181431770324707, 2.14801025390625, 2.1123180389404297, 2.087010383605957, 2.063352584838867, 2.0390729904174805, 2.022003412246704, 2.003807544708252, 1.9942642450332642, 1.9778556823730469, 1.963387131690979, 1.9599995613098145, 1.9419665336608887, 1.9297094345092773, 1.9274630546569824, 1.92095148563385, 1.9080734252929688, 1.9018278121948242, 1.8975672721862793, 1.889977216720581, 1.881924033164978, 1.874220609664917, 1.8683720827102661, 1.865855097770691, 1.8617005348205566, 1.8564813137054443, 1.8520779609680176, 1.8497275114059448, 1.8376951217651367, 1.8361014127731323, 1.834902286529541, 1.8289120197296143, 1.824554443359375, 1.828798532485962, 1.823013424873352, 1.8162921667099, 1.8149397373199463, 1.8094818592071533], "val": [4.6917595863342285, 2.824627161026001, 2.695100784301758, 2.6283202171325684, 2.5852391719818115, 2.553114414215088, 2.5220062732696533, 2.470674753189087, 2.42213773727417, 2.364441394805908, 2.3175771236419678, 2.273123264312744, 2.2332067489624023, 2.197904109954834, 2.1659345626831055, 2.1372406482696533, 2.110598087310791, 2.0933585166931152, 2.0720407962799072, 2.053755283355713, 2.0395233631134033, 2.0276081562042236, 2.0107297897338867, 2.005262851715088, 1.995354175567627, 1.9762765169143677, 1.9707069396972656, 1.9710698127746582, 1.9579046964645386, 1.9494709968566895, 1.9405382871627808, 1.9424587488174438, 1.9326919317245483, 1.927313208580017, 1.923287034034729, 1.9154536724090576, 1.9115073680877686, 1.9075088500976562, 1.9025366306304932, 1.9000858068466187, 1.8955758810043335, 1.88905930519104, 1.8863365650177002, 1.8830947875976562, 1.8766206502914429, 1.8776386976242065, 1.8781052827835083, 1.8701591491699219, 1.862310528755188, 1.8623876571655273, 1.8624777793884277]}, "perplexity": 6.4409295845031735, "time": 1085.7957229614258}