{"losses_dict": {"train": [4.723611831665039, 2.757808208465576, 2.643782615661621, 2.581467390060425, 2.5060908794403076, 2.439342975616455, 2.376101493835449, 2.311371326446533, 2.255897283554077, 2.1910054683685303, 2.1344215869903564, 2.097177028656006, 2.055201530456543, 2.017404556274414, 1.990736722946167, 1.9625282287597656, 1.9404183626174927, 1.9204713106155396, 1.9038505554199219, 1.8827531337738037, 1.871012568473816, 1.8575003147125244, 1.8412489891052246, 1.8316280841827393, 1.8210896253585815, 1.8105671405792236, 1.8049595355987549, 1.7933567762374878, 1.7853738069534302, 1.7798478603363037, 1.7718678712844849, 1.7663885354995728, 1.7599536180496216, 1.7515727281570435, 1.7514480352401733, 1.7439165115356445, 1.738381028175354, 1.7353870868682861, 1.7296873331069946, 1.7257239818572998, 1.7239421606063843, 1.7177166938781738, 1.7115283012390137, 1.7115700244903564, 1.7056186199188232, 1.703440546989441, 1.7002551555633545, 1.6945080757141113, 1.6934999227523804, 1.6907113790512085, 1.6873477697372437], "val": [4.724441051483154, 2.7594375610351562, 2.6413846015930176, 2.5803632736206055, 2.508807897567749, 2.4450526237487793, 2.38472843170166, 2.3213210105895996, 2.2715165615081787, 2.212740898132324, 2.160278797149658, 2.1236114501953125, 2.0832486152648926, 2.0542125701904297, 2.0278568267822266, 2.002648115158081, 1.9811809062957764, 1.9626213312149048, 1.9495331048965454, 1.9284089803695679, 1.9113785028457642, 1.9054052829742432, 1.8907043933868408, 1.8794729709625244, 1.8713668584823608, 1.8666001558303833, 1.8575519323349, 1.8464806079864502, 1.839139699935913, 1.8327054977416992, 1.831180214881897, 1.821966290473938, 1.814059853553772, 1.8048052787780762, 1.8040462732315063, 1.7990576028823853, 1.7894580364227295, 1.797425389289856, 1.7854564189910889, 1.782442331314087, 1.7794842720031738, 1.7718027830123901, 1.7679202556610107, 1.7723877429962158, 1.7659790515899658, 1.7659835815429688, 1.7603788375854492, 1.755802035331726, 1.761080026626587, 1.7542648315429688, 1.7459657192230225]}, "perplexity": 5.732926361560821, "time": 1089.428646326065}